Location,Name,Frequency,Duplex,Offset,Tone,rToneFreq,cToneFreq,DtcsCode,DtcsPolarity,Mode,TStep,Skip,Comment
0,CQ0VMA,145.650000,-,0.600000,Tone,123.0,123.0,023,NN,FM,12.50,,VHF FM Serra do Marão
1,CQ0VPD,145.675000,-,0.600000,Tone,123.0,123.0,023,NN,FM,12.50,,VHF FM Serra da Padrela - Valpaços
2,CQ0VBRG,145.700000,-,0.600000,Tone,123.0,123.0,023,NN,FM,12.50,,VHF FM Serra de Santa Marta - Braga
3,CQ0VSA,145.625000,-,0.600000,Tone,123.0,123.0,023,NN,FM,12.50,,VHF FM Serra de Arga (Norte)
4,CQ0URTD,438.700000,-,7.600000,Tone,123.0,123.0,023,NN,FM,12.50,,UHF FM Amarante
5,CQ0UBRG,438.800000,-,7.600000,Tone,67.0,67.0,023,NN,FM,12.50,,UHF FM Serra de Santa Marta - Braga
6,CQ0UGMR,439.100000,-,7.600000,Tone,67.0,67.0,023,NN,FM,12.50,,UHF FM Serra da Penha - Guimarães
7,CQ0UGM,439.125000,-,7.600000,Tone,123.0,123.0,023,NN,FM,12.50,,UHF FM Monte Crasto - Gondomar
8,CQ0UAST,439.200000,-,7.600000,Tone,123.0,123.0,023,NN,FM,12.50,,UHF FM Monte N.Sra Assunção - Santo Tirso
9,CQ0UAV,439.325000,-,7.600000,Tone,67.0,67.0,023,NN,FM,12.50,,UHF FM Monte Cotão - Arcos de Valdevez
10,CQ0UPRT,439.425000,-,7.600000,Tone,123.0,123.0,023,NN,FM,12.50,,UHF FM Monte da Virgem - V.N.Gaia
11,AIR_LPPR_TWR,118.000000,off,0.000000,,88.5,88.5,023,NN,AM,8.33,S,Escuta - Torre Porto
12,VHF_CALL,145.500000,off,0.000000,,88.5,88.5,023,NN,FM,12.50,,Simplex chamada nacional
13,UHF_CALL,433.500000,off,0.000000,,88.5,88.5,023,NN,FM,12.50,,Simplex chamada nacional
14,ISS_VOICE,145.800000,off,0.000000,,88.5,88.5,023,NN,FM,5.00,,ISS downlink
15,AIR_121500,121.500000,off,0.000000,,88.5,88.5,023,NN,AM,8.33,S,Escuta - Emergência aeronáutica
16,AIR_123450,123.450000,off,0.000000,,88.5,88.5,023,NN,AM,8.33,S,Escuta - Air to Air
17,MAR_CH16,156.800000,off,0.000000,,88.5,88.5,023,NN,FM,25.00,S,Escuta - Marítimo socorro
18,AIS1,161.975000,off,0.000000,,88.5,88.5,023,NN,FM,25.00,S,Escuta - AIS 1
19,AIS2,162.025000,off,0.000000,,88.5,88.5,023,NN,FM,25.00,S,Escuta - AIS 2
20,PMR01,446.006250,off,0.000000,,88.5,88.5,023,NN,FM,12.50,S,Escuta - PMR446 canal 1
21,PMR02,446.018750,off,0.000000,,88.5,88.5,023,NN,FM,12.50,S,Escuta - PMR446 canal 2
22,PMR03,446.031250,off,0.000000,,88.5,88.5,023,NN,FM,12.50,S,Escuta - PMR446 canal 3
23,PMR04,446.043750,off,0.000000,,88.5,88.5,023,NN,FM,12.50,S,Escuta - PMR446 canal 4
24,PMR05,446.056250,off,0.000000,,88.5,88.5,023,NN,FM,12.50,S,Escuta - PMR446 canal 5
25,PMR06,446.068750,off,0.000000,,88.5,88.5,023,NN,FM,12.50,S,Escuta - PMR446 canal 6
26,PMR07,446.081250,off,0.000000,,88.5,88.5,023,NN,FM,12.50,S,Escuta - PMR446 canal 7
27,PMR08,446.093750,off,0.000000,,88.5,88.5,023,NN,FM,12.50,S,Escuta - PMR446 canal 8
28,PMR09,446.106250,off,0.000000,,88.5,88.5,023,NN,FM,12.50,S,Escuta - PMR446 canal 9
29,PMR10,446.118750,off,0.000000,,88.5,88.5,023,NN,FM,12.50,S,Escuta - PMR446 canal 10
30,PMR11,446.131250,off,0.000000,,88.5,88.5,023,NN,FM,12.50,S,Escuta - PMR446 canal 11
31,PMR12,446.143750,off,0.000000,,88.5,88.5,023,NN,FM,12.50,S,Escuta - PMR446 canal 12
32,PMR13,446.156250,off,0.000000,,88.5,88.5,023,NN,FM,12.50,S,Escuta - PMR446 canal 13
33,PMR14,446.168750,off,0.000000,,88.5,88.5,023,NN,FM,12.50,S,Escuta - PMR446 canal 14
34,PMR15,446.181250,off,0.000000,,88.5,88.5,023,NN,FM,12.50,S,Escuta - PMR446 canal 15
35,PMR16,446.193750,off,0.000000,,88.5,88.5,023,NN,FM,12.50,S,Escuta - PMR446 canal 16
36,CB01,26.965000,off,0.000000,,88.5,88.5,023,NN,FM,10.00,S,Escuta - CB27 canal 1
37,CB02,26.975000,off,0.000000,,88.5,88.5,023,NN,FM,10.00,S,Escuta - CB27 canal 2
38,CB03,26.985000,off,0.000000,,88.5,88.5,023,NN,FM,10.00,S,Escuta - CB27 canal 3
39,CB04,27.005000,off,0.000000,,88.5,88.5,023,NN,FM,10.00,S,Escuta - CB27 canal 4
40,CB05,27.015000,off,0.000000,,88.5,88.5,023,NN,FM,10.00,S,Escuta - CB27 canal 5
41,CB06,27.025000,off,0.000000,,88.5,88.5,023,NN,FM,10.00,S,Escuta - CB27 canal 6
42,CB07,27.035000,off,0.000000,,88.5,88.5,023,NN,FM,10.00,S,Escuta - CB27 canal 7
43,CB08,27.055000,off,0.000000,,88.5,88.5,023,NN,FM,10.00,S,Escuta - CB27 canal 8
44,CB09,27.065000,off,0.000000,,88.5,88.5,023,NN,AM,10.00,S,Escuta - CB27 canal 9 (emergência histórica)
45,CB10,27.075000,off,0.000000,,88.5,88.5,023,NN,FM,10.00,S,Escuta - CB27 canal 10
46,CB11,27.085000,off,0.000000,,88.5,88.5,023,NN,FM,10.00,S,Escuta - CB27 canal 11
47,CB12,27.105000,off,0.000000,,88.5,88.5,023,NN,FM,10.00,S,Escuta - CB27 canal 12
48,CB13,27.115000,off,0.000000,,88.5,88.5,023,NN,FM,10.00,S,Escuta - CB27 canal 13
49,CB14,27.125000,off,0.000000,,88.5,88.5,023,NN,FM,10.00,S,Escuta - CB27 canal 14
50,CB15,27.135000,off,0.000000,,88.5,88.5,023,NN,FM,10.00,S,Escuta - CB27 canal 15
51,CB16,27.155000,off,0.000000,,88.5,88.5,023,NN,FM,10.00,S,Escuta - CB27 canal 16
52,CB17,27.165000,off,0.000000,,88.5,88.5,023,NN,FM,10.00,S,Escuta - CB27 canal 17
53,CB18,27.175000,off,0.000000,,88.5,88.5,023,NN,FM,10.00,S,Escuta - CB27 canal 18
54,CB19,27.185000,off,0.000000,,88.5,88.5,023,NN,FM,10.00,S,Escuta - CB27 canal 19
55,CB20,27.205000,off,0.000000,,88.5,88.5,023,NN,FM,10.00,S,Escuta - CB27 canal 20
56,CB21,27.215000,off,0.000000,,88.5,88.5,023,NN,FM,10.00,S,Escuta - CB27 canal 21
57,CB22,27.225000,off,0.000000,,88.5,88.5,023,NN,FM,10.00,S,Escuta - CB27 canal 22
58,CB23,27.255000,off,0.000000,,88.5,88.5,023,NN,FM,10.00,S,Escuta - CB27 canal 23
59,CB24,27.235000,off,0.000000,,88.5,88.5,023,NN,FM,10.00,S,Escuta - CB27 canal 24
60,CB25,27.245000,off,0.000000,,88.5,88.5,023,NN,FM,10.00,S,Escuta - CB27 canal 25
61,CB26,27.265000,off,0.000000,,88.5,88.5,023,NN,FM,10.00,S,Escuta - CB27 canal 26
62,CB27,27.275000,off,0.000000,,88.5,88.5,023,NN,FM,10.00,S,Escuta - CB27 canal 27
63,CB28,27.285000,off,0.000000,,88.5,88.5,023,NN,FM,10.00,S,Escuta - CB27 canal 28
64,CB29,27.295000,off,0.000000,,88.5,88.5,023,NN,FM,10.00,S,Escuta - CB27 canal 29
65,CB30,27.305000,off,0.000000,,88.5,88.5,023,NN,FM,10.00,S,Escuta - CB27 canal 30
66,CB31,27.315000,off,0.000000,,88.5,88.5,023,NN,FM,10.00,S,Escuta - CB27 canal 31
67,CB32,27.325000,off,0.000000,,88.5,88.5,023,NN,FM,10.00,S,Escuta - CB27 canal 32
68,CB33,27.335000,off,0.000000,,88.5,88.5,023,NN,FM,10.00,S,Escuta - CB27 canal 33
69,CB34,27.345000,off,0.000000,,88.5,88.5,023,NN,FM,10.00,S,Escuta - CB27 canal 34
70,CB35,27.355000,off,0.000000,,88.5,88.5,023,NN,FM,10.00,S,Escuta - CB27 canal 35
71,CB36,27.365000,off,0.000000,,88.5,88.5,023,NN,FM,10.00,S,Escuta - CB27 canal 36
72,CB37,27.375000,off,0.000000,,88.5,88.5,023,NN,FM,10.00,S,Escuta - CB27 canal 37
73,CB38,27.385000,off,0.000000,,88.5,88.5,023,NN,FM,10.00,S,Escuta - CB27 canal 38
74,CB39,27.395000,off,0.000000,,88.5,88.5,023,NN,FM,10.00,S,Escuta - CB27 canal 39
75,CB40,27.405000,off,0.000000,,88.5,88.5,023,NN,FM,10.00,S,Escuta - CB27 canal 40
76,CQ0VG,145.637500,-,0.600000,Tone,114.8,114.8,023,NN,FM,12.50,,VHF FM Serra da Gardunha - Castelo Branco
77,CQ0VVAR,145.637500,-,0.600000,Tone,74.4,74.4,023,NN,FM,12.50,,VHF FM Varatojo - Torres Vedras
78,CQ0VFO,145.650000,-,0.600000,Tone,82.5,82.5,023,NN,FM,12.50,,VHF FM Fóia - Serra de Monchique
79,CQ0VCP,145.662500,-,0.600000,Tone,82.5,82.5,023,NN,FM,12.50,,VHF FM Serra da Brenha - Figueira da Foz
80,CQ0VSMA,145.662500,-,0.600000,Tone,123.0,123.0,023,NN,FM,12.50,,VHF FM Serra de São Mamede
81,CQ0VEC,145.662500,-,0.600000,Tone,74.4,74.4,023,NN,FM,12.50,,VHF FM Serra da Amoreira - Odivelas
82,CQ0VMC,145.675000,-,0.600000,Tone,74.4,74.4,023,NN,FM,12.50,,VHF FM Cabeço de Montachique - Loures
83,CQ0VCO,145.687500,-,0.600000,Tone,123.0,123.0,023,NN,FM,12.50,,VHF FM Serra de Côta - Viseu
84,CQ0VENT,145.687500,-,0.600000,Tone,74.4,74.4,023,NN,FM,12.50,,VHF FM Entroncamento
85,CQ0VLO,145.700000,-,0.600000,Tone,82.5,82.5,023,NN,FM,12.50,,VHF FM Alto do Trevim - Serra da Lousã
86,CQ0VSTC,145.700000,-,0.600000,Tone,74.4,74.4,023,NN,FM,12.50,,VHF FM Aldeia de Chãos - Santiago do Cacém
87,CQ0VSI,145.712500,-,0.600000,Tone,74.4,74.4,023,NN,FM,12.50,,VHF FM Santa Eufémia - Serra de Sintra
88,CQ0VAR,145.725000,-,0.600000,Tone,114.8,114.8,023,NN,FM,12.50,,VHF FM Serra do Arestal - Aveiro
89,CQ0VSM,145.725000,-,0.600000,Tone,82.5,82.5,023,NN,FM,12.50,,VHF FM Cerro de São Miguel - Olhão
90,CQ0VARB,145.737500,-,0.600000,Tone,74.4,74.4,023,NN,FM,12.50,,VHF FM Serra da Arrábida - Setúbal
91,CQ0VSP,145.750000,-,0.600000,Tone,82.5,82.5,023,NN,FM,12.50,,VHF FM Alto da Forca - Serpa
92,CQ0VMO,145.750000,-,0.600000,Tone,74.4,74.4,023,NN,FM,12.50,,VHF FM Serra de Montejunto
93,CQ0VAM,145.775000,-,0.600000,Tone,74.4,74.4,023,NN,FM,12.50,,VHF FM Moinhos da Funcheira - Amadora
94,CQ0VSE,145.600000,-,0.600000,Tone,114.8,114.8,023,NN,FM,12.50,,VHF FM Torre - Serra da Estrela
95,CQ0VCSC,145.600000,-,0.600000,Tone,74.4,74.4,023,NN,FM,12.50,,VHF FM Cascais
96,CQ0VCD,145.612500,-,0.600000,Tone,74.4,74.4,023,NN,FM,12.50,,VHF FM Serra dos Candeeiros
97,CQ0VTA,145.625000,-,0.600000,Tone,82.5,82.5,023,NN,FM,12.50,,VHF FM Alcaria do Cume - Tavira
98,CQ2VCG,145.600000,-,0.600000,Tone,88.5,88.5,023,NN,FM,12.50,,VHF FM Madeira Cabo Girão - Câmara Lobos
99,CQ2VIC,145.650000,-,0.600000,Tone,88.5,88.5,023,NN,FM,12.50,,VHF FM Madeira Ilhéu Chão - Desertas
100,CQ2VPS,145.700000,-,0.600000,Tone,88.5,88.5,023,NN,FM,12.50,,VHF FM Madeira Pico do Silva - Funchal
101,CQ2VMF,145.775000,-,0.600000,Tone,88.5,88.5,023,NN,FM,12.50,,VHF FM Madeira Miradouro Flores - Porto Santo
102,CQ1VF,145.600000,-,0.600000,Tone,123.0,123.0,023,NN,FM,12.50,,VHF FM Açores Cabeço Gordo - Faial
103,CQ1VPA,145.600000,-,0.600000,Tone,88.5,88.5,023,NN,FM,12.50,,VHF FM Açores Pico Alto - Santa Maria
104,CQ1VB,145.625000,-,0.600000,Tone,88.5,88.5,023,NN,FM,12.50,,VHF FM Açores Barrosa - São Miguel
105,CQ1VP,145.650000,-,0.600000,Tone,88.5,88.5,023,NN,FM,12.50,,VHF FM Açores Ilha do Pico
106,CQ1VSB,145.700000,-,0.600000,Tone,88.5,88.5,023,NN,FM,12.50,,VHF FM Açores Sta Bárbara - Terceira
107,CQ1VCM,145.725000,-,0.600000,Tone,88.5,88.5,023,NN,FM,12.50,,VHF FM Açores Cume - Terceira
108,CQ1VPB,145.750000,-,0.600000,Tone,88.5,88.5,023,NN,FM,12.50,,VHF FM Açores Bartolomeu - São Miguel
109,CQ1VSC,145.775000,-,0.600000,Tone,88.5,88.5,023,NN,FM,12.50,,VHF FM Açores Santos de Cima - São Miguel
110,CQ1VMA,145.787500,-,0.600000,Tone,88.5,88.5,023,NN,FM,12.50,,VHF FM Açores Morro Alto - Flores
111,CQ0DRLX,438.237500,-,7.600000,Tone,74.4,74.4,023,NN,FM,12.50,,UHF FM Areeiro - Lisboa
112,CQ0DUAI,438.275000,-,7.600000,Tone,131.8,131.8,023,NN,FM,12.50,,UHF FM Serra de Aire
113,CQ0UMST,438.650000,-,7.600000,Tone,74.4,74.4,023,NN,FM,12.50,,UHF FM Monsanto - Lisboa
114,CQ0UFO,438.675000,-,7.600000,Tone,131.8,131.8,023,NN,FM,12.50,,UHF FM Fóia - Serra de Monchique
115,CQ0UCA,438.700000,-,7.600000,Tone,131.8,131.8,023,NN,FM,12.50,,UHF FM Serra do Buçaco
116,CQ0USM,438.700000,-,7.600000,Tone,131.8,131.8,023,NN,FM,12.50,,UHF FM Cerro de São Miguel - Olhão
117,CQ0UCD,438.725000,-,7.600000,Tone,131.8,131.8,023,NN,FM,12.50,,UHF FM Serra dos Candeeiros
118,CQ0UVAR,438.750000,-,7.600000,Tone,74.4,74.4,023,NN,FM,12.50,,UHF FM Varatojo - Torres Vedras
119,CQ0USMA,438.750000,-,7.600000,Tone,67.0,67.0,023,NN,FM,12.50,,UHF FM Serra de São Mamede
120,CQ0UARC,438.775000,-,7.600000,Tone,131.8,131.8,023,NN,FM,12.50,,UHF FM Santa Clara - Coimbra
121,CQ0UAE,438.800000,-,7.600000,Tone,123.0,123.0,023,NN,FM,12.50,,UHF FM Serra do Arestal - Aveiro
122,CQ0UAM,438.800000,-,7.600000,Tone,74.4,74.4,023,NN,FM,12.50,,UHF FM Moinhos da Funcheira - Amadora
123,CQ0UDA,438.800000,-,7.600000,Tone,114.8,114.8,023,NN,FM,12.50,,UHF FM São Pedro de Solis - Mértola
124,CQ0USE,438.825000,-,7.600000,Tone,114.8,114.8,023,NN,FM,12.50,,UHF FM Torre - Serra da Estrela
125,CQ0ULO,438.850000,-,7.600000,Tone,131.8,131.8,023,NN,FM,12.50,,UHF FM Alto do Trevim - Serra da Lousã
126,CQ0URBL,438.875000,-,7.600000,Tone,123.0,123.0,023,NN,FM,12.50,,UHF FM São Tomé - Oliveira de Azeméis
127,CQ0UAL,438.875000,-,7.600000,Tone,131.8,131.8,023,NN,FM,12.50,,UHF FM Serra de Aire
128,CQ0UEC,438.875000,-,7.600000,Tone,74.4,74.4,023,NN,FM,12.50,,UHF FM Serra da Amoreira - Odivelas
129,CQ0UCO,438.900000,-,7.600000,Tone,114.8,114.8,023,NN,FM,12.50,,UHF FM Serra de Côta - Viseu
130,CQ0UCP,438.900000,-,7.600000,Tone,82.5,82.5,023,NN,FM,12.50,,UHF FM Serra da Brenha - Figueira da Foz
131,CQ0USTC,438.925000,-,7.600000,Tone,82.5,82.5,023,NN,FM,12.50,,UHF FM Aldeia de Chãos - Santiago do Cacém
132,CQ0UMM,438.925000,-,7.600000,Tone,131.8,131.8,023,NN,FM,12.50,,UHF FM Cerro de São Miguel - Faro
133,CQ0UAR,438.950000,-,7.600000,Tone,123.0,123.0,023,NN,FM,12.50,,UHF FM Serra do Arestal - Aveiro
134,CQ0UHU,438.950000,-,7.600000,Tone,74.4,74.4,023,NN,FM,12.50,,UHF FM Monsanto - Lisboa
135,CQ0USO,438.950000,-,7.600000,Tone,67.0,67.0,023,NN,FM,12.50,,UHF FM Serra de Ossa - Estremoz
136,CQ0UMU,438.975000,-,7.600000,Tone,114.8,114.8,023,NN,FM,12.50,,UHF FM Monte de Santa Luzia - Viseu
137,CQ0UMO,438.975000,-,7.600000,Tone,74.4,74.4,023,NN,FM,12.50,,UHF FM Serra de Montejunto
138,CQ0UPS,439.000000,-,7.600000,Tone,131.8,131.8,023,NN,FM,12.50,,UHF FM Cabeço Urra - Pampilhosa da Serra
139,CQ0UPM,439.025000,-,7.600000,Tone,131.8,131.8,023,NN,FM,12.50,,UHF FM Serra dos Candeeiros
140,CQ0UES,439.050000,-,7.600000,Tone,114.8,114.8,023,NN,FM,12.50,,UHF FM Torre - Serra da Estrela
141,CQ0USC,439.050000,-,7.600000,Tone,74.4,74.4,023,NN,FM,12.50,,UHF FM S. da Carvalha - Arruda dos Vinhos
142,CQ0USR,439.075000,-,7.600000,Tone,74.4,74.4,023,NN,FM,12.50,,UHF FM Santarém
143,CQ0UG,439.100000,-,7.600000,Tone,82.5,82.5,023,NN,FM,12.50,,UHF FM Serra da Gardunha
144,CQ0USI,439.125000,-,7.600000,Tone,74.4,74.4,023,NN,FM,12.50,,UHF FM Santa Eufémia - Serra de Sintra
145,CQ0UTRZ,439.175000,-,7.600000,Tone,123.0,123.0,023,NN,FM,12.50,,UHF FM Serra do Arestal - Aveiro
146,CQ0UMC,439.175000,-,7.600000,Tone,74.4,74.4,023,NN,FM,12.50,,UHF FM Cabeço de Montachique - Loures
147,CQ0UAG,439.200000,-,7.600000,Tone,74.4,74.4,023,NN,FM,12.50,,UHF FM Alto das Gaeiras - Óbidos
148,CQ0UFL,439.225000,-,7.600000,Tone,131.8,131.8,023,NN,FM,12.50,,UHF FM Cerro de São Miguel - Olhão
149,CQ0ULR,439.250000,-,7.600000,Tone,131.8,131.8,023,NN,FM,12.50,,UHF FM Serra dos Candeeiros
150,CQ0UP,439.275000,-,7.600000,Tone,67.0,67.0,023,NN,FM,12.50,,UHF FM Serra de São Mamede - Portalegre
151,CQ0UCAS,439.275000,-,7.600000,Tone,74.4,74.4,023,NN,FM,12.50,,UHF FM Santuário da Peninha - Sintra
152,CQ0URVM,439.325000,-,7.600000,Tone,74.4,74.4,023,NN,FM,12.50,,UHF FM Monte Serves - Vialonga
153,CQ0UMJ,439.350000,-,7.600000,Tone,74.4,74.4,023,NN,FM,12.50,,UHF FM Serra de Montejunto
154,CQ0UIV,439.375000,-,7.600000,Tone,131.8,131.8,023,NN,FM,12.50,,UHF FM Cerro de São Miguel - Olhão
155,CQ0UAZ,439.400000,-,7.600000,Tone,123.0,123.0,023,NN,FM,12.50,,UHF FM São Tomé - Oliveira de Azeméis
156,CQ0UARB,439.400000,-,7.600000,Tone,74.4,74.4,023,NN,FM,12.50,,UHF FM Serra da Arrábida - Setúbal
157,CQ0UCR,439.425000,-,7.600000,Tone,74.4,74.4,023,NN,FM,12.50,,UHF FM Casal Tomaz - Caldas da Rainha
